[{"catId":1, "prodId":10, "prodName":"shirt", "prodPrice":5000, "prodImg":"www.facebook.com"},
 {"catId":1, "prodId":101, "prodName":"Smartphone X", "prodPrice":800, "prodImg":"https://example.com/images/smartphone_x.jpg"},
 {"catId":1, "prodId":102, "prodName":"Laptop Pro 15", "prodPrice":1299, "prodImg":"https://example.com/images/laptop_pro_15.jpg"},
 {"catId":1, "prodId":103, "prodName":"Wireless Headphones", "prodPrice":150, "prodImg":"https://example.com/images/wireless_headphones.jpg"},
 {"catId":2, "prodId":201, "prodName":"Men's T-Shirt", "prodPrice":25, "prodImg":"https://example.com/images/mens_tshirt.jpg"},
 {"catId":2, "prodId":202, "prodName":"Women's Jeans", "prodPrice":60, "prodImg":"https://example.com/images/womens_jeans.jpg"},
 {"catId":2, "prodId":203, "prodName":"Kids' Sneakers", "prodPrice":40, "prodImg":"https://example.com/images/kids_sneakers.jpg"},
 {"catId":3, "prodId":301, "prodName":"Coffee Maker", "prodPrice":45, "prodImg":"https://example.com/images/coffee_maker.jpg"},
 {"catId":3, "prodId":302, "prodName":"Dinnerware Set", "prodPrice":90, "prodImg":"https://example.com/images/dinnerware_set.jpg"},
 {"catId":3, "prodId":303, "prodName":"Blender", "prodPrice":66, "prodImg":"https://example.com/images/blender.jpg"},
 {"catId":4, "prodId":401, "prodName":"The Mystery Novel", "prodPrice":13, "prodImg":"https://example.com/images/mystery_novel.jpg"},
 {"catId":4, "prodId":402, "prodName":"History Textbook", "prodPrice":35, "prodImg":"https://example.com/images/history_textbook.jpg"},
 {"catId":4, "prodId":403, "prodName":"Cookbook", "prodPrice":23, "prodImg":"https://example.com/images/cookbook.jpg"},
 {"catId":5, "prodId":501, "prodName":"Basketball", "prodPrice":20, "prodImg":"https://example.com/images/basketball.jpg"},
 {"catId":5, "prodId":502, "prodName":"Camping Tent", "prodPrice":125, "prodImg":"https://example.com/images/camping_tent.jpg"},
 {"catId":5, "prodId":503, "prodName":"Yoga Mat", "prodPrice":30, "prodImg":"https://example.com/images/yoga_mat.jpg"},
 {"catId":6, "prodId":601, "prodName":"Building Blocks Set", "prodPrice":32, "prodImg":"https://example.com/images/building_blocks.jpg"},
 {"catId":6, "prodId":602, "prodName":"Board Game", "prodPrice":28, "prodImg":"https://example.com/images/board_game.jpg"},
 {"catId":6, "prodId":603, "prodName":"Stuffed Animal", "prodPrice":16, "prodImg":"https://example.com/images/stuffed_animal.jpg"},
 {"catId":7, "prodId":701, "prodName":"Lipstick", "prodPrice":18, "prodImg":"https://example.com/images/lipstick.jpg"},
 {"catId":7, "prodId":702, "prodName":"Shampoo", "prodPrice":15, "prodImg":"https://example.com/images/shampoo.jpg"},
 {"catId":7, "prodId":703, "prodName":"Skincare Set", "prodPrice":50, "prodImg":"https://example.com/images/skincare_set.jpg"},
 {"catId":8, "prodId":801, "prodName":"Car Battery", "prodPrice":95, "prodImg":"https://example.com/images/car_battery.jpg"},
 {"catId":8, "prodId":802, "prodName":"Tire Set", "prodPrice":350, "prodImg":"https://example.com/images/tire_set.jpg"},
 {"catId":8, "prodId":803, "prodName":"Car Wash Kit", "prodPrice":29, "prodImg":"https://example.com/images/car_wash_kit.jpg"},
 {"catId":9, "prodId":901, "prodName":"Vitamins", "prodPrice":22, "prodImg":"https://example.com/images/vitamins.jpg"},
 {"catId":9, "prodId":902, "prodName":"Cleaning Supplies", "prodPrice":16, "prodImg":"https://example.com/images/cleaning_supplies.jpg"},
 {"catId":9, "prodId":903, "prodName":"First Aid Kit", "prodPrice":40, "prodImg":"https://example.com/images/first_aid_kit.jpg"},
 {"catId":10, "prodId":1001, "prodName":"Dog Food", "prodPrice":28, "prodImg":"https://example.com/images/dog_food.jpg"},
 {"catId":10, "prodId":1002, "prodName":"Cat Toys", "prodPrice":13, "prodImg":"https://example.com/images/cat_toys.jpg"},
 {"catId":10, "prodId":1003, "prodName":"Pet Bed", "prodPrice":45, "prodImg":"https://example.com/images/pet_bed.jpg"}]